experiment,gene.set,pathway,contrast,fgsea.FDR,fgsea.NES,fgsea.leadingEdge,gage.FDR
P259_2,H,ALLOGRAFT_REJECTION,none_HRVnone_none,0.03993610223642172,1.443539066300057,IL12A;CCL4;TLR3;CCL19;CCR1;FCGR2B;FASLG;GZMA;CCL5;STAT4;CCR5;IL6;GBP2;CXCL13;CXCL9;TAP1;TLR2;WARS1;DYRK3;IL7;CD8A;FYB1;CSF1;TAP2;IL2RA;IL9;TRAT1;IRF4;IL15;IRF7;CD247;IL18;STAT1;IL12RB1;ST8SIA4;CDKN2A;CD28;SOCS1;CD7;CCL13;LIF;CCND2;CCR2;HLA-G;HLA-E;KRT1;ELF4;IRF8;FAS;KLRD1;PSMB10;ITK;CD80;ZAP70,0.31361588357016035
P259_2,H,APOPTOSIS,EOSsupp_HRVEOSsupp_none,0.05403458213256484,1.4154030090529237,IFNB1;CD38;ATF3;GCH1;LEF1;TNFSF10;CCNA1;HMOX1;FASLG;HGF;CD14;IFITM3;ISG20;BTG3;TAP1;CASP7;GADD45B;H1-0;IRF1;NEDD9;CASP1;PMAIP1;MCL1;IL1A;CFLAR;SAT1;CASP3;PSEN2;IGF2R;IL6;ERBB2;CCND2;CASP4;EMP1;CLU;CDC25B;DDIT3;BCL2L1;RNASEL;SMAD7;CAV1;ANXA1;DNAJA1;SQSTM1;BRCA1;JUN;FAS,0.16993000414076442
P259_2,H,APOPTOSIS,none_HRVnone_none,0.0392156862745098,1.608311491065357,IFNB1;CCNA1;CD38;FASLG;GCH1;HGF;ATF3;HMOX1;TNFSF10;EMP1;CASP7;ISG20;CTH;IFITM3;IL6;CD14;CASP1;BTG3;GADD45B;GUCY2D;FDXR;PMAIP1;CFLAR;SAT1;MCL1;NEDD9;TAP1;H1-0;LUM;SMAD7;CASP3;CASP4;BCL2L1;CD69;PLAT;DDIT3;IRF1;EREG;SQSTM1,0.13777103179956976
P259_2,H,APOPTOSIS,none_HRVnone_none,0.02413127413127413,1.5206168471182668,IFNB1;CD38;HGF;BMP2;ATF3;FASLG;GCH1;HMOX1;IL6;CASP7;H1-0;TNFSF10;JUN;GADD45B;BTG3;PDGFRB;IFITM3;ISG20;TAP1;PMAIP1;MCL1;CCNA1;CFLAR;EMP1;CASP3;SAT1;IRF1;IL18;NEDD9;DDIT3;GADD45A;IGF2R;SMAD7;RNASEL;BCL2L1;CCND2;IL1A;ERBB2;CD69,0.15505904133575688
P259_2,H,COAGULATION,AntiIL5_HRVAntiIL5_none,0.02639915522703273,-1.764973630356102,TFPI2;CTSK;A2M;F8;CTSV;SERPINB2;PROZ;CTSH;MMP2;OLR1;PROS1;SERPINE1;MMP7;SH2B2;VWF;MMP9;TIMP1;F12;C8G;C1S;PLAU;S100A13;MEP1A;GNG12;LRP1;SERPINA1;FBN1;BMP1;CFB;CPQ;C3;TF;MASP2;GSN;PRSS23;LTA4H;ITIH1;KLF7;THBS1;MMP11;MMP14;GP9;APOA1;FURIN;CSRP1;P2RY1;ANG;DPP4,0.06045802680210885
P259_2,H,EPITHELIAL_MESENCHYMAL_TRANSITION,AntiIL5_HRVAntiIL5_none,0.02639915522703273,-1.6855475307145455,WNT5A;TFPI2;COL6A3;PCOLCE;TGFBR3;GEM;SPP1;COL1A1;ADAM12;COL1A2;LUM;COL8A2;PMP22;ECM2;MMP2;INHBA;COL6A2;SLC6A8;MYL9;PDLIM4;TPM2;SERPINE1;SDC1;COL16A1;MEST;BDNF;OXTR;CCN1;NT5E;TIMP1;CTHRC1;CALD1;TNFRSF11B;IGFBP2;TNFRSF12A;SPOCK1;FBN2;MGP;CXCL12;SGCD;PRRX1;LOX;LAMA1;COL11A1;LAMC2;LRP1;PRSS2;GPC1;CXCL8;FERMT2;CXCL1;COL5A2;FBN1;BMP1;TNC;LAMA2;PVR;LAMA3;ITGAV;PFN2;DKK1;THBS1;LOXL2;SERPINH1;QSOX1;LGALS1;FBLN2;THBS2;SCG2,0.0085946818045586
P259_2,H,EPITHELIAL_MESENCHYMAL_TRANSITION,AntiIL5_nonenone_none,0.01555104800540906,1.477741949348938,COL6A3;VCAN;CTHRC1;COL1A2;IGFBP3;LUM;ECM2;PCOLCE;FN1;CCN1;SLC6A8;SERPINE1;COL16A1;LAMA3;ADAM12;LAMA2;LOXL2;ITGA2;PRSS2;TGM2;NT5E;TGFBR3;MMP14;VCAM1;MYL9;DPYSL3;PFN2;DKK1;CXCL12;FAP;GAS1;SLIT2;THBS2;IL6;CCN2;LAMC2;COL11A1;LAMA1;LOX;PRRX1;SGCD;TNC;EDIL3;FMOD;MSX1;ABI3BP;GPC1;CXCL1;ANPEP;CXCL8;COL5A2;IL15;ITGB3;ITGB5;IGFBP2;FERMT2;CDH2;RHOB;CALD1;WNT5A;GADD45B,0.05897744272020779
P259_2,H,EPITHELIAL_MESENCHYMAL_TRANSITION,EOSsupp_HRVEOSsupp_none,0.0257201646090535,-1.5773842663316813,PDLIM4;GEM;CDH2;COL1A1;TNFRSF11B;LAMA2;MAGEE1;SPP1;SLC6A8;ITGA2;LUM;COL6A2;QSOX1;FBN1;WNT5A;TAGLN;COL16A1;MMP1;TPM2;TFPI2;IL32;SGCB;PLOD1;PRRX1;MYL9;FSTL3;CXCL12;SERPINH1;ADAM12;BMP1;CTHRC1;PRSS2,0.9048994797610388
P259_2,H,IL6_JAK_STAT3_SIGNALING,EOSsupp_HRVEOSsupp_none,0.0257201646090535,1.8559114327716233,CXCL11;CXCL10;CD38;CXCL13;CSF3R;CCR1;IL15RA;HMOX1;CXCL9;CD14;ITGB3;STAT2;IRF1;IL7;STAT1;ACVRL1;IL12RB1;IRF9;OSMR;MYD88;SOCS3;SOCS1;IL2RA;STAT3;IL6;ITGA4;BAK1,0.04624282944128632
P259_2,H,IL6_JAK_STAT3_SIGNALING,none_HRVnone_none,0.02421307506053269,1.8454156474697143,CXCL10;CXCL11;CXCL9;CD38;CCR1;HMOX1;IL7;IL6;IL15RA;CD14;CXCL13;STAT2;CSF3R;STAT1;IL2RA;CCL7;OSMR;ITGA4;CXCL3;MYD88;SOCS3,0.16075972115300508
P259_2,H,IL6_JAK_STAT3_SIGNALING,none_HRVnone_none,0.02413127413127413,1.6892655191998125,CXCL11;CD38;CCR1;IL15RA;CXCL10;HMOX1;IL6;CXCL13;JUN;CXCL9;TLR2;IL7;STAT2;CSF1;IL2RA;IRF1;IRF9;STAT1;IL12RB1;STAT3;MYD88;SOCS3;SOCS1;ITGA4;BAK1;FAS;CSF3R;PIK3R5,0.1252156635798809
P259_2,H,INFLAMMATORY_RESPONSE,AntiIL5_nonenone_none,0.02757242757242757,1.399366432783777,CXCL10;CXCL11;CXCL9;CLEC5A;CCL7;SLC1A2;OLR1;CCL24;CD14;P2RX7;FFAR2;KCNA3;AQP9;SERPINE1;STAB1;ITGB8;MEFV;IL1A;KCNJ2;P2RY2;MMP14;TACR1;MSR1;OSMR;SLC4A4;IL6;ADM;MET;CCL20;SGMS2;CD70;CXCL8;SLC28A2;IL15;ITGB3;SLC31A2;RNF144B;ABCA1;RASGRP1;GCH1;TNFAIP6;IL1R1;OPRK1;PDE4B;ADGRE1,0.05897744272020779
P259_2,H,INFLAMMATORY_RESPONSE,EOSsupp_HRVEOSsupp_none,0.0257201646090535,1.7682422951603285,CXCL11;CXCL10;KCNA3;C3AR1;CSF3R;TNFAIP6;ITGB8;RTP4;GCH1;IL15RA;F3;OSM;TNFSF10;CXCL9;P2RX7;PDE4B;CD14;IFITM1;TLR3;ITGB3;LY6E;RNF144B;NAMPT;ADGRE1;AQP9;FPR1;IRF1;MXD1;CCL5;GABBR1;EIF2AK2;IL1A;NMI;IRF7;ABCA1;SERPINE1;CCRL2;RIPK2;OSMR;KLF6;AXL;SCN1B;CCR7;PROK2;SELL;SPHK1;KIF1B;SELENOS;MET;IL6;EDN1;RGS1;SLC31A2,0.01312231342260256
P259_2,H,INFLAMMATORY_RESPONSE,none_HRVnone_none,0.02421307506053269,1.734845682110909,CXCL10;CXCL11;CXCL9;RNF144B;GCH1;ADM;CD70;IL15;ADGRE1;P2RX7;RTP4;PDE4B;TNFSF10;C3AR1;IL6;LY6E;IL15RA;IFITM1;CD14;SLC31A2;OSM;CSF3R;EIF2AK2;AXL;NMI;MXD1;MYC;CLEC5A;CCL7;IRF7;OSMR;SGMS2;KCNA3;MEFV;CCR7;STAB1;NAMPT;KIF1B;KLF6;ITGB8;PROK2;CD69;RIPK2;TNFAIP6;SPHK1;CCL5;BST2;KCNJ2;TLR3;IRF1;NFKBIA;EREG;GPR132;NFKB1;AQP9;CCL20;RASGRP1;CCRL2;RGS1;SELL;SELENOS;TACR1,0.03274465539791544
P259_2,H,INFLAMMATORY_RESPONSE,none_HRVnone_none,0.02413127413127413,1.704389498188426,CXCL11;TLR3;C3AR1;ADORA2B;IL15RA;ADGRE1;CXCL10;CCL5;GCH1;ITGB8;IL6;MXD1;RNF144B;OSM;TPBG;PDE4B;TNFSF10;RTP4;LY6E;CXCL9;IFITM1;TLR2;NAMPT;CCL20;CXCR6;CSF1;AXL;SLC1A2;SELENOS;NMI;SELL;CD70;CCRL2;IL15;IRF7;SLC31A2;IRF1;IL18;MYC;KLF6;CCR7;EIF2AK2;SPHK1;ABCA1;LIF;F3;IL1A;CLEC5A;CD69;RGS1;NFKB1;GPR132;OLR1;PROK2;CSF3R;PIK3R5;RELA;CHST2;TACR1;BST2;PTGER2;LDLR;KIF1B;EDN1;GNAI3;TNFAIP6;CCL7;AQP9,0.01239499230670915
P259_2,H,INTERFERON_ALPHA_RESPONSE,AntiIL5_nonenone_none,0.02332657200811359,1.5560833368590272,CXCL10;CXCL11;PROCR;GMPR;HELZ2;RSAD2;OASL;IL15;IFIT3;IFIT2;ISG20;ISG15;CD74;USP18;C1S;MX1;CMPK2;CASP1;B2M;IFITM3;PARP9;BATF2;IFI35;EPSTI1;IFITM1;IL7;OAS1;SAMD9L;GBP4;SAMD9;PARP12;TRIM5;STAT2;PNPT1;IFI44L;DDX60;IRF7;CD47;UBE2L6;PLSCR1;TRIM25;HERC6;LAMP3;BST2;LY6E;DHX58;IFIH1;PSME1;SELL;NUB1;HLA-C;EIF2AK2;TAP1;ELF1;PSMB9;RIPK2;PARP14;IFI27;LGALS3BP;PSME2,0.05564869276398469
P259_2,H,INTERFERON_ALPHA_RESPONSE,EOSsupp_HRVEOSsupp_none,0.0257201646090535,2.9941025616026145,CXCL11;BATF2;IFIT2;OASL;RSAD2;CXCL10;IFIT3;LGALS3BP;HELZ2;IFI27;HERC6;USP18;DHX58;RTP4;GBP4;GMPR;TDRD7;CMPK2;OAS1;DDX60;PARP9;IFIH1;IFI44L;PARP12;SAMD9;SAMD9L;IFI44;IFITM3;IFITM1;ISG20;LY6E;MX1;TMEM140;EPSTI1;TAP1;PARP14;ISG15;IFI35;STAT2;TRIM25;IRF1;TRIM21;PROCR;CASP1;IL7;WARS1;SP110;EIF2AK2;PNPT1;ADAR;CNP;TRAFD1;PLSCR1;NMI;UBE2L6;TRIM5;IRF7;NUB1;CCRL2;IRF9;RIPK2;CMTR1;LAP3;SELL;SLC25A28;TRIM14;TRIM26;IFITM2;GBP2;PSMB9,5.330024359388312e-17
P259_2,H,INTERFERON_ALPHA_RESPONSE,EOSsupp_HRVnone_HRV,0.09174311926605504,-1.804949273280413,C1S;PROCR;GMPR;IFIT2;MOV10;OASL;IFI27;UBA7;GBP2;NMI;GBP4;CXCL11;IFIT3;ISG15;ISG20;IFI35;IL15;TMEM140;HERC6;CXCL10;HELZ2;LY6E;IFITM3;IL7;IFITM1;WARS1;TENT5A;OAS1;IFITM2;PARP14;TXNIP;SAMD9L;SP110;ELF1;CNP;PSMB9;RSAD2;UBE2L6;EPSTI1;IRF1;BST2;PLSCR1;B2M;DHX58;RTP4;USP18;IFI44L;SLC25A28;SELL;SAMD9;HLA-C;PSME2;MX1;CMPK2;IFIH1;NUB1;IFI44;PARP9;PSMA3;LAP3;CD74;PSME1;NCOA7;STAT2;PSMB8;IRF7;PARP12;CSF1;PNPT1;TAP1,0.05444290435005185
P259_2,H,INTERFERON_ALPHA_RESPONSE,EOSsupp_nonenone_none,0.03949447077409163,-1.827479729907005,C1S;IFIT2;HELZ2;CXCL10;RTP4;BATF2;IFIT3;GBP4;RSAD2;OASL;CXCL11;DHX58;GMPR;TDRD7;HERC6;PARP12;IRF1;IFITM1;CASP1;ISG15;RIPK2;IFI44L;IFITM3;PARP9;SAMD9;IFIH1;OAS1;ISG20;IFITM2;TRAFD1;CMPK2;LGALS3BP;SP110;IFI27;LY6E;LAP3;UBE2L6;CD74;EIF2AK2;MX1;PLSCR1;B2M;STAT2;PSMB9;TENT5A;NMI;PARP14;PSME2;IFI35;BST2;TRIM14;HLA-C;PSME1;DDX60;IFI44;TRIM5;CD47;TAP1;TRIM21;SAMD9L;USP18;IL7;TRIM25;TXNIP,0.00859888903710641
P259_2,H,INTERFERON_ALPHA_RESPONSE,none_HRVnone_none,0.02421307506053269,2.9478887971274306,CXCL10;CXCL11;RSAD2;GMPR;PROCR;OASL;IFIT3;IFIT2;USP18;HELZ2;CMPK2;GBP4;DHX58;OAS1;SAMD9L;HERC6;DDX60;IFI44L;TDRD7;IL15;PARP9;RTP4;IFI27;SAMD9;IL7;MX1;EPSTI1;LGALS3BP;ISG20;IFI44;IFIH1;IFI35;PARP12;IFITM3;TRIM25;LY6E;IFITM1;ISG15;BATF2;CASP1;STAT2;PLSCR1;EIF2AK2;UBE2L6;PARP14;PNPT1;NMI;SP110;TRIM21;CNP;TMEM140;TAP1;WARS1;IRF7;SLC25A28;NUB1;TRIM5;ADAR;TENT5A;MOV10;NCOA7;LAP3;UBA7;CMTR1;RIPK2;PSMB9;IFITM2;TRAFD1;BST2;TRIM14;TRIM26;IRF1;IRF9;ELF1;IRF2;HLA-C;CCRL2;SELL,1.001836091609693e-15
P259_2,H,INTERFERON_ALPHA_RESPONSE,none_HRVnone_none,0.02413127413127413,2.9867671144042527,CXCL11;OASL;IFIT2;IFI27;RSAD2;USP18;LGALS3BP;IFIT3;CXCL10;HERC6;TMEM140;CMPK2;GMPR;PROCR;GBP2;DHX58;BATF2;OAS1;GBP4;HELZ2;SAMD9L;DDX60;IFI44;TDRD7;PARP9;EPSTI1;IFIH1;IFI44L;RTP4;SAMD9;IFITM3;IFI35;ISG20;LY6E;PARP14;TAP1;IFITM1;MX1;PARP12;ISG15;WARS1;IL7;TRIM25;STAT2;CSF1;TRIM21;CNP;PNPT1;NMI;NUB1;UBA7;SELL;CCRL2;IL15;SP110;IRF7;ADAR;IRF1;IRF9;PLSCR1;UBE2L6;TRIM5;MOV10;SLC25A28;EIF2AK2,8.187868567525341e-17
P259_2,H,INTERFERON_GAMMA_RESPONSE,AntiIL5_nonenone_none,0.01555104800540906,1.453168390109742,CXCL10;CXCL11;CXCL9;CCL7;CFH;SECTM1;CD274;KLRK1;SELP;METTL7B;IFIT1;CFB;MX2;VCAM1;IL6;HELZ2;RSAD2;OASL;C1R;IL15;IFIT3;SSPN;UPP1;LATS2;IFIT2;ISG20;GCH1;TNFAIP6;ISG15;CD74;USP18;C1S;MX1;CMPK2;CASP1;PDE4B;B2M;IFITM3;OAS2;BATF2;ARL4A;XAF1;DDX58;IDO1;HLA-DRB1;IFI35;EPSTI1;HLA-DQA1;IL7;SAMD9L;OAS3;IRF8;GZMA;GBP4;MT2A;PARP12;APOL6;STAT1;STAT2;PNPT1;IFI44L;PELI1;DDX60;HLA-B;IRF7;HLA-A;VAMP5;NLRC5;RBCK1;UBE2L6;FPR1;CD86;PLSCR1;TRIM25;HERC6;BST2;CD38;LY6E;CD69;DHX58;IFIH1;HLA-G;PSME1;RNF213;PML;VAMP8;CCL2;CASP7;EIF2AK2;TAP1;NFKBIA;HLA-DMA;PTGS2;PSMB9;RIPK2;PARP14;CASP3;IFI27;MVP;CDKN1A;LGALS3BP;PSME2;ST8SIA4;NFKB1;STAT4;MYD88;ZNFX1;PSMA3,0.04921678513536553
P259_2,H,INTERFERON_GAMMA_RESPONSE,EOSsupp_HRVEOSsupp_none,0.0257201646090535,3.029488564247792,CXCL11;BATF2;IFIT2;OASL;RSAD2;CXCL10;CD38;IFIT3;SECTM1;IFIT1;TNFAIP6;LGALS3BP;HELZ2;IFI27;DDX58;HERC6;USP18;ZBP1;DHX58;RTP4;GBP4;TDRD7;GCH1;IL15RA;CMPK2;OAS2;CD274;MX2;TOR1B;SERPING1;DDX60;OAS3;IFIH1;IFI44L;TNFSF10;PARP12;CXCL9;SAMD9L;PDE4B;STAT4;XAF1;NLRC5;IFI44;ZNFX1;IFITM3;PML;RNF213;ISG20;LY6E;MX1;EPSTI1;TAP1;PARP14;ISG15;CASP7;APOL6;ST3GAL5;IFI35;NAMPT;STAT2;C1R;FPR1;TRIM25;IRF1;TRIM21;VAMP5;CASP1;IL7;CCL5;PFKP;WARS1;CFB;SP110;STAT1;EIF2AK2;NOD1;PNPT1;ADAR;TRAFD1;EIF4E3;PLSCR1;NMI;UBE2L6;IRF7;IRF9;CFH;RBCK1;RIPK2;ST8SIA4;CMTR1;LAP3;CASP3;MYD88;SOCS3;RIPK1;NCOA3;SOCS1;MT2A;SLC25A28;IRF4;TRIM14;TRIM26;STAT3;HLA-G;FGL2;IL6;IFITM2;PSMB9,1.843700649680456e-20
P259_2,H,INTERFERON_GAMMA_RESPONSE,EOSsupp_nonenone_none,0.03949447077409163,-1.6238280418293298,TNFAIP6;C1R;SELP;C1S;ZBP1;IFIT2;HELZ2;CXCL10;RTP4;IL2RB;BATF2;IFIT3;DDX58;GBP4;RSAD2;OASL;SERPING1;CXCL11;IFIT1;DHX58;SECTM1;TDRD7;GCH1;HERC6;PARP12;MT2A;IRF1;TNFSF10;CASP1;MX2;ISG15;RIPK2;APOL6;CXCL9;IL6;IFI44L;IFITM3;TOR1B;XCL1;CCL7;IFIH1;ISG20;IFITM2;TRAFD1;ST3GAL5;CMPK2;LGALS3BP;OAS2;SOD2;SP110;SOCS1;IFI27;PDE4B;NAMPT;LY6E;VAMP5;LAP3;STAT1;ZNFX1;UBE2L6;CD74;EIF2AK2;MX1;CD86;PLSCR1;PSMA2;B2M;STAT2;METTL7B;HLA-A;CFB;PSMB9;NMI;CASP4;PARP14;HLA-DRB1;HLA-B;ST8SIA4;PSME2;HLA-DQA1;BTG1,0.00859888903710641
P259_2,H,INTERFERON_GAMMA_RESPONSE,none_HRVnone_none,0.02421307506053269,2.806519039068237,CXCL10;CXCL11;CD274;CXCL9;IFIT1;RSAD2;OASL;SECTM1;IFIT3;DDX58;IFIT2;CD38;USP18;MX2;HELZ2;CMPK2;GBP4;GCH1;DHX58;OAS3;OAS2;SAMD9L;HERC6;DDX60;XAF1;CFH;IFI44L;TDRD7;IL15;RTP4;NLRC5;IFI27;PDE4B;TNFSF10;IL7;MX1;EPSTI1;LGALS3BP;CASP7;ISG20;PML;IFI44;IFIH1;RNF213;MT2A;APOL6;IFI35;PARP12;IFITM3;IL6;TRIM25;LY6E;TOR1B;IL15RA;ISG15;BATF2;CASP1;ZNFX1;SERPING1;STAT2;PLSCR1;EIF2AK2;UBE2L6;PARP14;PNPT1;ZBP1;NMI;SP110;TRIM21;STAT1;TAP1;WARS1;ST3GAL5;CCL7;IRF7;PELI1;SLC25A28;RBCK1;ADAR;ST8SIA4;NAMPT;IRF4;ARL4A;PFKP;CASP3;LAP3;MYD88;CASP4;KLRK1;GZMA;SOCS3;CD69;CMTR1;VAMP5;RIPK2;TNFAIP6;PSMB9;IFITM2;CCL5;TRAFD1;BST2;TRIM14;TRIM26;IRF1;NFKBIA;BTG1;NFKB1,7.875613501729126e-16
P259_2,H,INTERFERON_GAMMA_RESPONSE,none_HRVnone_none,0.02413127413127413,2.8440676805121456,CXCL11;CD38;OASL;IFIT2;IFI27;RSAD2;USP18;IL15RA;SECTM1;LGALS3BP;IFIT1;IFIT3;CXCL10;GZMA;CCL5;CD274;HERC6;GCH1;CMPK2;STAT4;DDX58;IL6;DHX58;XAF1;OAS2;ZBP1;PTGS2;BATF2;MX2;CASP7;GBP4;HELZ2;NLRC5;SAMD9L;EIF4E3;OAS3;TOR1B;DDX60;PDE4B;TNFSF10;IFI44;TDRD7;RNF213;EPSTI1;IFIH1;IFI44L;PML;RTP4;IFITM3;IFI35;ZNFX1;ISG20;LY6E;PARP14;CXCL9;TAP1;SERPING1;VAMP5;MX1;NAMPT;PARP12;ISG15;WARS1;APOL6;IL7;TRIM25;STAT2;PFKP;ST3GAL5;TRIM21;CFH;CFB;PNPT1;NMI;IRF4;IL15;SP110;IRF7;MT2A;ADAR;CASP3;RBCK1;IRF1;IRF9;STAT1;PLSCR1;UBE2L6;STAT3;SLC25A28;MYD88;ST8SIA4;EIF2AK2;SOCS3;SOCS1;RIPK1;HLA-G;TRAFD1;LAP3;CD69;PSMB9;PELI1;IRF8;NCOA3;RNF31;NFKB1;TRIM14;FAS;NOD1;METTL7B;PSMB10;IFITM2;C1R;SLAMF7;CASP4,5.24101976261922e-18
P259_2,H,KRAS_SIGNALING_DN,AntiIL5_HRVAntiIL5_none,0.07836990595611285,-1.4917455221086862,GAMT;RYR2;LYPD3;TG;CLSTN3;RIBC2;ITIH3;SERPINB2;OXT;SLC25A23;IL5;MACROH2A2;C5;NRIP2;NUDT11;HSD11B2;FGGY;MYOT;COPZ2;SELENOP;GPR3;IDUA;NR4A2;KRT1;IGFBP2;THNSL2;ARPP21;RGS11;FGFR3;IFNG;SLC16A7;ARHGDIG;NR6A1;MAGIX;TENM2;TAS2R4;CAMK1D;THRB;RYR1;MEFV;PLAG1;DTNB,0.28410639152100453
P259_2,H,KRAS_SIGNALING_DN,AntiIL5_nonenone_none,0.01555104800540906,1.5133158086871157,NR6A1;CCNA1;TGM1;CD40LG;RYR2;MSH5;THNSL2;ITIH3;HSD11B2;MYOT;RIBC2;KRT1;IFNG;NUDT11;RYR1;MEFV;MYH7;FGFR3;FGGY;CACNA1F;BMPR1B;EGF;ATP4A;CHRNG;MYO15A;RGS11;ARPP21;TEX15;ZC2HC1C;RSAD2;GPR3;IGFBP2;GAMT;OXT;MACROH2A2;COPZ2;NRIP2;ZBTB16;MX1,0.05564869276398469
P259_2,H,KRAS_SIGNALING_UP,AntiIL5_nonenone_none,0.08551408551408551,1.3163410617694788,CXCL10;EPB41L3;ETV4;CFH;F2RL1;HSD11B1;PRKG2;RETN;ETV5;SPON1;IGFBP3;TNNT2;SEMA3B;ABCB1;ITGA2;GFPT2;CFB;ALDH1A3;MAP7;BMP2;ANXA10;PLEK2;TSPAN1;BTC;EPHB2;RELN;KIF5C;PRRX1;CCL20;MYCN;TLR8;MMP11;PPBP;CSF2;H2BC3;KLF4;PRDM1;DCBLD2;PLAT;ACE;SDCCAG8;EMP1;ALDH1A2;SATB1;IRF8;TSPAN13;CLEC4A,0.2076244078199247
P259_2,H,MYOGENESIS,AntiIL5_HRVAntiIL5_none,0.0513874614594039,-1.5584277558758,COL6A3;TNNT2;PKIA;MYBPH;MYBPC3;MAPRE3;COL1A1;TNNI2;ADAM12;TCAP;COL6A2;SLC6A8;GPX3;FABP3;PPFIA4;MB;TPM2;ATP2A1;IGFBP7;HBEGF;KIFC3;COL15A1;DENND2B;MRAS;SCHIP1;MAPK12;MYLPF;PC;AGRN;ABLIM1;EPHB3;SGCA;ERBB3;TPD52L1;TEAD4;SGCD;NAV2;PDLIM7;CKMT2;BIN1;KLF5;EFS;DMPK;GSN;RYR1;MYH3;LAMA2;ITGA7;AK1;APOD;OCEL1;PYGM;VIPR1;REEP1;LARGE1;GAA;SVIL;NOS1;CASQ1;SPEG,0.0889505864016831
P259_2,H,MYOGENESIS,AntiIL5_nonenone_none,0.08441775108441775,1.3396424943039509,COL6A3;MAPK12;MRAS;PYGM;FABP3;IGFBP3;TNNT2;PKIA;CHRNA1;SLC6A8;ITGA7;SCHIP1;COL15A1;MB;ADAM12;LAMA2;MYBPC3;RYR1;EPHB3;MYH11;TNNI1;MYH7;FST;NAV2;TCAP;DENND2B;ADCY9;MYL4;CHRNG;SPEG;SGCD;TEAD4;TNNT3;IGFBP7;ATP2A1;ITGB5;MAPRE3;SSPN;MYH3;AK1;PSEN2;WWTR1;LARGE1;GADD45B;DMPK;CKMT2;GNAO1;CKB;PC;GPX3;OCEL1;FKBP1B;NOS1;TPD52L1;VIPR1;APOD;ITGB4;SYNGR2,0.2076244078199247
P259_2,H,MYOGENESIS,none_HRVnone_none,0.04061078622482131,-1.4653903493066307,PC;COL6A2;CNN3;TPM2;TNNI2;OCEL1;MYLPF;AK1;MAPRE3;ADAM12;TNNT2;EPHB3;TNNI1;MB;NAV2;MYBPH;SH3BGR;KIFC3;CHRNG;LAMA2;ERBB3;RYR1;PSEN2;COL1A1;SLC6A8;SGCA;FOXO4;PDLIM7;AGRN;DENND2B;COL15A1;ATP2A1;MAPK12;SCHIP1;GSN;SVIL;DMPK;ACHE;SH2B1;CTF1;PYGM;KLF5;IGFBP7;ITGA7;ITGB4;FABP3;DAPK2;HBEGF;PRNP;ABLIM1;CD36;MYOM1;BIN1;VIPR1;SPEG;AGL;MYLK;PLXNB2;TPD52L1;APOD,0.5247650172636781
P259_2,H,PANCREAS_BETA_CELLS,EOSsupp_HRVEOSsupp_none,0.09174311926605504,-1.627728152035078,MAFB;INSM1;AKT3;FOXO1;DPP4;NEUROG3;PAK3,0.9048994797610388
P259_2,H,PANCREAS_BETA_CELLS,none_HRVnone_none,0.02413127413127413,-1.8771461911038387,INSM1;MAFB;VDR;STXBP1;LMO2;NEUROG3;DPP4,0.5247650172636781
P259_2,H,PROTEIN_SECRETION,EOSsupp_HRVEOSsupp_none,0.05403458213256484,1.5303298230135076,DOP1A;ABCA1;NAPA;CAV2;KIF1B;TOM1L1;IGF2R;ATP7A;SEC24D;GBF1;TPD52;MON2;USO1;ARFIP1;GOSR2;EGFR;SEC31A;TMX1;ARFGAP3;CTSC;STX12;OCRL;VAMP3;AP1G1;LAMP2;ANP32E;NAPG;SNX2;AP2B1;AP3S1;ATP6V1H;RAB2A;STX16;VAMP7;SGMS1;COPB1;ARCN1;RER1;CLTC;ARF1;RAB9A;TSG101;GOLGA4;YIPF6;YKT6;RAB22A;TMED2;GNAS;ARFGEF2;CLCN3;SEC22B;RAB5A;PAM;AP3B1;VPS4B;SCAMP1,0.04840409019490904
P259_2,H,TNFA_SIGNALING_VIA_NFKB,EOSsupp_HRVEOSsupp_none,0.0257201646090535,1.8733247553472765,CXCL11;IFIT2;CXCL10;ATF3;TNFAIP6;CCL4;DDX58;GCH1;IL15RA;SPSB1;TRIB1;LAMB3;F3;DRAM1;KLF10;IFIH1;PDE4B;DNAJB4;TUBB2A;CEBPD;BTG3;SIK1;TAP1;FOSB;GADD45B;NAMPT;DUSP5;FOSL1;CCN1;IRF1;MXD1;NR4A3;KLF2;PPP1R15A;CCL5;MCL1;PLK2;IL1A;CFLAR;ABCA1;SERPINE1;CCRL2;SAT1;RIPK2;FOSL2;KLF6;RNF19B;SOCS3;SGK1;SPHK1;CEBPB;TNIP2;IL23A;IER2;ZFP36;REL;IL6;EDN1;PANX1;FUT4;NINJ1;NFKB1;NFE2L2;BTG1;DENND5A;LDLR;PLEK;CLCF1;SERPINB8;TNFAIP8;CCNL1;STAT5A;TRAF1,4.482653405186002e-4
P259_2,H,TNFA_SIGNALING_VIA_NFKB,none_HRVnone_none,0.02421307506053269,1.8632390631324216,CXCL10;CXCL11;FOSL1;DDX58;IFIT2;F2RL1;TUBB2A;GCH1;CCL4;PHLDA2;ATF3;PDE4B;IFIH1;DNAJB4;PLK2;NR4A3;IL6;PHLDA1;CLCF1;IL15RA;TRIB1;DRAM1;BTG3;GADD45B;CFLAR;DUSP5;KLF9;SAT1;MCL1;MXD1;MYC;TAP1;FOSL2;KDM6B;ACKR3;B4GALT5;NAMPT;CXCL3;KLF6;PPP1R15A;CD80;SERPINB8;ZBTB10;SOCS3;CXCL2;CD69;MSC;ZFP36;NFAT5;NINJ1;RIPK2;TNFAIP6;SPHK1;CCL5;STAT5A;REL;JUNB;IRF1;NFKBIA;BTG1;NFKB1;SQSTM1;IER2;PLEK;CCN1;CCL20;CCRL2;NFKBIE;KLF4;TRAF1;NFE2L2;FUT4;CCNL1;TNIP2;EGR2;RNF19B;BHLHE40;RHOB;IRS2;BIRC3;CDKN1A;KYNU;KLF10;TANK,0.00181963079540656
P259_2,H,TNFA_SIGNALING_VIA_NFKB,none_HRVnone_none,0.02413127413127413,1.9051835907022332,CXCL11;CCL4;TUBB2A;IFIT2;BMP2;IL15RA;ATF3;TRIB1;CXCL10;CCL5;FOSL1;CLCF1;DNAJB4;GCH1;DDX58;IL6;MXD1;NR4A3;PTGS2;SPSB1;FOSL2;PDE4B;DUSP5;JUN;IFIH1;GADD45B;BTG3;TAP1;TLR2;NAMPT;MCL1;SERPINB2;CEBPD;CCL20;CSF1;B4GALT5;PPP1R15A;CEBPB;CFLAR;F2RL1;DRAM1;CCRL2;SAT1;IRF1;IL18;MYC;ZFP36;KLF6;SPHK1;SOCS3;ABCA1;GADD45A;TGIF1;KLF10;LIF;F3;IL1A;CD69;CXCL2;MSC;REL;NINJ1;TRAF1;SQSTM1;NFKB1;OLR1;CD80;RNF19B;RELA;TANK;NFE2L2;ZC3H12A;BTG1;PLEK;SERPINB8;IER2;LDLR;CCNL1;EDN1,3.76000780604132e-4
